RAZÓN SOCIAL,WEB,CORREO ELECTRONICO
ESTYMA ESTUDIOS Y MANEJOS SA,https://www.estyma.com,info@estyma.com
Empaquetaduras y Empaques S.A.,https://www.empaquetaduras.com,ventas@empaquetaduras.com
INDUSTRIA DE ALIMENTOS ZENU S.A.S.,https://www.zenu.com.co,servicioalcliente@zenu.com.co
CAMILO ALBERTO MEJIA Y CIA S.A.S,No encontrado,No encontrado
HUMAX PHARMACEUTICAL S.A.,https://www.humax.com.co,info@humax.com.co
C.I. HERMECO S.A.,https://www.hermeco.com,contacto@hermeco.com
Alcotra Colombia S.A.S.,https://www.alcotra.com.co,info@alcotra.com.co
LABORATORIOS ECAR SA,https://www.ecar.com.co,info@ecar.com.co
DROPOPULAR S.A.S.,https://www.dropopular.com,contacto@dropopular.com
DISTRIBUCIONES AGRALBA S.A,No encontrado,No encontrado
TRANSGRANELES S.A.S.,https://www.transgraneles.com,info@transgraneles.com
FLORES EL CAPIRO SA,https://www.floreselcapiro.com,info@floreselcapiro.com
Unidad Medica Y De Diagnostico S.A,No encontrado,No encontrado
Mundial de Granos y Panelas S.A.S,No encontrado,No encontrado
COMPAÑIA DE ALIMENTOS COLOMBIANOS CALCO S.A.,https://www.calco.com.co,info@calco.com.co
PRODUCTORA DE INSUMOS AGROPECUARIOS SOMEX S.A.S.,https://www.somex.com.co,info@somex.com.co
ENECON SAS,https://www.enecon.com.co,info@enecon.com.co
PPG INDUSTRIES COLOMBIA LTDA,https://www.ppg.com,contacto@ppg.com
Clinica Cardio Vid,https://www.cardiovid.com.co,info@cardiovid.com.co
LOCERIA COLOMBIANA S.A.S,https://www.loceriacolombiana.com,contacto@loceriacolombiana.com
Amtex SAS,No encontrado,No encontrado
EUROCERAMICA SAS,https://www.euroceramica.com.co,info@euroceramica.com.co
TERMOELECTRICA EL TESORITO SAS ESP,https://www.termoeltesorito.com,info@termoeltesorito.com
ARANGO HERMANOS SAS,https://www.arangohermanos.com,contacto@arangohermanos.com
TEXCOMERCIAL - TEXCO S.A.S.,https://www.texco.com.co,info@texco.com.co
DISTRIKIA S.A,No encontrado,No encontrado
TINTATEX S.A.,https://www.tintatex.com.co,info@tintatex.com.co
ESTUDIO DE MODA SAS,https://www.estudiodemoda.com,contacto@estudiodemoda.com
INGENIERIA Y VIAS S.A.S,No encontrado,No encontrado
COMERCIALIZADORA INTERNACIONAL ROCAH SAS,No encontrado,No encontrado
LA SA SOCIEDAD DE APOYO AERONAUTICO S.A.,https://www.lasa.com.co,info@lasa.com.co
ZAPATA Y VELASQUEZ SAS,No encontrado,No encontrado
ESPUMAS PLASTICAS SAS,https://www.espumasplasticas.com,contacto@espumasplasticas.com
MAQUILA INTERNACIONAL DE CONFECCION S.A.S.,No encontrado,No encontrado
Sator S.A.S,https://www.sator.com.co,info@sator.com.co
TRILLADORA LA MONTAÑA SAS,No encontrado,No encontrado
GRANIPACK SAS,https://www.granipack.com.co,info@granipack.com.co
ARUS S.A.S.,https://www.arus.com.co,contacto@arus.com.co
CRISTAR TABLETOP S.A.S,https://www.cristartabletop.com,info@cristartabletop.com
INVERSIONES FERBIENES SAS,No encontrado,No encontrado
PROYECTOS DE INVERSION VIAL DEL PACIFICO SAS,No encontrado,No encontrado
DISMERCA S.A.S.,https://www.dismerca.com.co,info@dismerca.com.co
CI JSW CORPORATION S.A.S,No encontrado,No encontrado
STOP S.A.S,No encontrado,No encontrado
C.I. GESTION EL REAL S.A.S.,No encontrado,No encontrado
VISDECOL S.A.S,https://www.visdecol.com.co,info@visdecol.com.co
NUTRIUM S.A.S,https://www.nutrium.com.co,contacto@nutrium.com.co
QUIPUX S.A.S.,https://www.quipux.com,info@quipux.com
PANAMERICANA DE ALIMENTOS SAS,https://www.panamericanadealimentos.com,contacto@panamericanadealimentos.com
SUPERCARNES JH SAS,No encontrado,No encontrado
COLENER S.A.S.,https://www.colener.com.co,info@colener.com.co
Evonik Colombia SAS,https://www.evonik.com,contacto@evonik.com
GENETICA BIOS S.A.S,https://www.geneticabios.com,info@geneticabios.com
MICROPLAST ANTONIO PALACIO & CIA SAS,No encontrado,No encontrado
HOGAR Y MODA SAS,https://www.hogarymoda.com,contacto@hogarymoda.com
SERACIS LTDA,No encontrado,No encontrado
TECNAS S.A BIC,https://www.tecnas.com.co,info@tecnas.com.co
LATINOAMERICANA DE CONSTRUCCIÓNES S.A.,No encontrado,No encontrado
GASES INDUSTRIALES DE COLOMBIA S.A CRYOGAS S.A.,https://www.cryogas.com.co,info@cryogas.com.co
Solenis Colombia S.A.S.,https://www.solenis.com,contacto@solenis.com
CARIBE MOTOR DE MEDELLIN S.A.S,https://www.caribemotor.com.co,info@caribemotor.com.co
DISTRIBUIDORA TROPICANA SAS,No encontrado,No encontrado
STANDARD GOLD DE COLOMBIA S.A.S,No encontrado,No encontrado
DISTRIBUIDORA COLOMBIANA DE SENTIMIENTOS DE BELLEZA S.A.S.,No encontrado,No encontrado
ASEAR S.A. E.S.P.,https://www.asear.com.co,contacto@asear.com.co
BIOPLANTA PALMERA PARA EL DESARROLLO SAS,No encontrado,No encontrado
Agrícola Sara Palma S.A.S.,No encontrado,No encontrado
CONSTRUCTORA AIA SAS,https://www.constructoraaia.com,info@constructoraaia.com
NUTRISER COLOMBIA SAS,https://www.nutriser.com.co,contacto@nutriser.com.co
CADENA S.A,https://www.cadena.com.co,info@cadena.com.co
DYNA Y CIA S.A,No encontrado,No encontrado
PRAGMA S.A.,https://www.pragma.com.co,info@pragma.com.co
Perez y Cardona SAS,No encontrado,No encontrado
Operaciones Generales Suramericana S.A.S.,No encontrado,No encontrado
HB FULLER COLOMBIA SAS,https://www.hbfuller.com,contacto@hbfuller.com
NUVANT SAS,https://www.nuvant.com.co,info@nuvant.com.co
INDUSTRIAS ALIMENTICIAS PERMAN SA,https://www.perman.com.co,contacto@perman.com.co
CONSULTORIA EN GESTION DE RIESGOS SURAMERICANA S.A.S.,No encontrado,No encontrado
LUM LOGISTIC S A S,https://www.lumlogistic.com,info@lumlogistic.com
CHACAM TRADING SAS,No encontrado,No encontrado
FEDERAL SAS,No encontrado,No encontrado
FERROSVEL SAS,https://www.ferrosvel.com.co,info@ferrosvel.com.co
Compañia de alimentos Antillana S.A.S.,No encontrado,No encontrado
INDUSTRIA COLOMBIANA DE LOGISTICA Y TRANSPORTE SAS BIC,No encontrado,No encontrado
UNIBAN LOGISTICA S.A,https://www.unibanlogistica.com,contacto@unibanlogistica.com
TRIPLE ALIANZA SAS,No encontrado,No encontrado
AGENCIA DE AUTOMOVILES S.A. AGENCIA DE AUTOMOVILES S.A.,No encontrado,No encontrado
CACHARRIA MUNDIAL SAS,No encontrado,No encontrado
INTERAMERICANA DE PRODUCTOS QUIMICOS S.A.S,https://www.interquimica.com.co,info@interquimica.com.co
NAVAR ASOCIADOS S.A.S,No encontrado,No encontrado
AYURA MOTOR S.A,https://www.ayuramotor.com.co,contacto@ayuramotor.com.co
CONINSA S.A.S.,https://www.coninsa.co,info@coninsa.co
MARROCAR S.A.S.,https://www.marrocar.com,contacto@marrocar.com
Mattelsa SAS,https://www.mattelsa.com,info@mattelsa.com
COMPAÑÍA DE DISTRIBUCION Y TRANSPORTE S.A.S. BIC,No encontrado,No encontrado
COOPERATIVA DE VIGILANCIA Y SEGURIDAD PROFESIONAL DE ANTIOQUIA COOPEVIAN,https://www.coopevian.com.co,info@coopevian.com.co
ATLETICO NACIONAL SA,https://www.atlnacional.com.co,contacto@atlnacional.com.co
CORRUMED S.A.S.,https://www.corrumed.com.co,info@corrumed.com.co
UNION ELECTRICA S.A. EN PROCESO DE NEGOCIACIÓN DE EMERGENCIA,https://www.unionelectrica.com,contacto@unionelectrica.com
FRANCORP S.A.S,https://www.francorp.com.co,info@francorp.com.co
TRONEX S.A.S.,https://www.tronex.com.co,contacto@tronex.com.co
EMPAQUETADOS EL TRECE SAS,No encontrado,No encontrado
CELSA S.A.S,https://www.celsa.com.co,info@celsa.com.co
CMX S.A.S,No encontrado,No encontrado
Instituto Colombiano Del Dolor S.A.S,https://www.icdolor.com.co,info@icdolor.com.co
JARAMILLO PETS S.A.S,No encontrado,No encontrado
PALAREPAS SAS,https://www.palarepas.com,contacto@palarepas.com
MANPOWER PROFESSIONAL LTDA,https://www.manpower.com.co,info@manpower.com.co
AKZONOBEL S.A.S,https://www.akzonobel.com,contacto@akzonobel.com
SCRIBE COLOMBIA SAS,https://www.scribe.com.co,info@scribe.com.co
IG Services S.A.S.,No encontrado,No encontrado
ALEMAUTOS S.A,https://www.alemautos.com.co,contacto@alemautos.com.co
COMESTIBLES DAN SA,https://www.comestiblesdan.com.co,info@comestiblesdan.com.co
OPPERAR COLOMBIA S.A.S,No encontrado,No encontrado
CONQUIMICA S.A.S,https://www.conquimica.com.co,info@conquimica.com.co
Molinos Santa Marta S.A.S,https://www.molinossantamarta.com,contacto@molinossantamarta.com
AGROSURA SAS ZOMAC,No encontrado,No encontrado
Promotora Medica Y Odontologica De Antioquia S.A,No encontrado,No encontrado
GONVARRI MS COLOMBIA S.A.S,https://www.gonvarri.com,contacto@gonvarri.com
TRANSPORTADORA DE METANO E.S.P. S.A.,https://www.transportadorametano.com,info@transportadorametano.com
MICRODENIER S.A.,https://www.microdenier.com.co,contacto@microdenier.com.co
PRODENVASES SAS,https://www.prodenvases.com.co,info@prodenvases.com.co
GLOBAL SERVICE PHARMACEUTICAL SAS,No encontrado,No encontrado
IVANAGROS.A,No encontrado,No encontrado
MILAGROS ENTERPRISE GROUP SAS,No encontrado,No encontrado
AVERY DENNISON COLOMBIA SAS,https://www.averydennison.com,contacto@averydennison.com
MAPEI COLOMBIA S.A.S.,https://www.mapei.com,info@mapei.com
SANDVIK COLOMBIA S A S,https://www.sandvik.com,contacto@sandvik.com
RECUPERAR SAS,No encontrado,No encontrado
PRODUCTOS RIKATAS SAS,No encontrado,No encontrado
OCELOTE MINERALS SAS,No encontrado,No encontrado
COMERCIALIZADORA INTERNACIONAL BANA RICA S.A,No encontrado,No encontrado
ESTRATEGIA COMERCIAL DE COLOMBIA SAS,No encontrado,No encontrado
INGENIERIA TRANSPORTE Y MAQUINARIA SAS,No encontrado,No encontrado
Grupo Oncologico Internacional S.A. Y/O Clinica De Oncología Astorga,https://www.astorga.com.co,info@astorga.com.co
INDUSTRIAS ALIADAS S.A.S.,https://www.industriasaliadas.com,contacto@industriasaliadas.com
AGRICOLA SANTAMARIA S.A.S,No encontrado,No encontrado
GRUPO LITORAL S.A.S,https://www.grupolitoral.com.co,info@grupolitoral.com.co
LABORATORIOS DELTA SAS,https://www.labdelta.com.co,contacto@labdelta.com.co
ODINSA S.A.,https://www.odinsa.com,info@odinsa.com
ANTIOQUEÑA DE AUTOMOTORES Y REPUESTOS S.A.,No encontrado,No encontrado
MCM COMPANY S.A.S.,No encontrado,No encontrado
EXPLANAN SAS,https://www.explanan.com.co,info@explanan.com.co
COMERCIALIZADORA INTERNACIONAL OROMETRO S.A.S.,No encontrado,No encontrado
LICOSINU S.A.S,No encontrado,No encontrado
DISTRIBUIDORA KIRAMAR S.A.SDISTRIBUIDORA KIRAMAR SAS,No encontrado,No encontrado
COLOMBIANA FLEXOGRAFICA DE PLASTICOS SAS,No encontrado,No encontrado
COMERCIAL +BIOS S.A.S,No encontrado,No encontrado
Laboratorio Clinico Colmedicos Ips S.A.S - Colmedicos S.A.S,https://www.colmedicos.com.co,info@colmedicos.com.co
INVERSIONES LA BUONAVITA SAS,No encontrado,No encontrado
Productora y comercializadora odontologica New Stetic S.A,https://www.newstetic.com,contacto@newstetic.com
PRODUCTOS FAMILIA RIONEGRO S.A.S,https://www.familia.com.co,info@familia.com.co
ACEROS MAPA S.A.,https://www.acerosmapa.com,contacto@acerosmapa.com
TRANSPORTADORA DE CARGA ANTIOQUIA S.A.S.,No encontrado,No encontrado
SEGURIDAD RECORD DE COLOMBIA LTDA,No encontrado,No encontrado
JARABA Y ASOCIADOS S.A.S,No encontrado,No encontrado
SUPERMERCADOS MERKAHORRO SAS,https://www.merkahorro.com,contacto@merkahorro.com
ESTACIONES INNOVADORAS SAS,No encontrado,No encontrado
SIMEX,https://www.simex.com.co,info@simex.com.co
GRUPO IMSA S.A.,https://www.grupoimsa.com,contacto@grupoimsa.com
PAPELES Y NEGOCIOS S.A.,No encontrado,No encontrado
INVERSIONES BONANZA J Y C SOCIEDAD ANONIMA SIMPLIFICADA O IBJYC SAS,No encontrado,No encontrado
Eche SAS,No encontrado,No encontrado
INVERPRIMOS SAS,No encontrado,No encontrado
ELECTRO PORCELANA GAMMA S.A.S.,https://www.gamma.com.co,info@gamma.com.co
CUARZO AMARILLO S.A.S.,No encontrado,No encontrado
VIAS Y EXPLANACIONES S.A.,No encontrado,No encontrado
ST JUDE MEDICAL COLOMBIA LTDA,https://www.sjm.com,contacto@sjm.com
IDOM CONSULTING; ENGINEERING; ARCHITECTURE S.A.U.,https://www.idom.com,info@idom.com
BEMA S.A.S,https://www.bema.com.co,contacto@bema.com.co
IGB MOTORCYCLE PARTS S.A.S,https://www.igbmotorcycleparts.com,info@igbmotorcycleparts.com
EMERGIA CUSTOMER CARE COLOMBIA S.A.S.,https://www.emergia.co,contacto@emergia.co
MUNDIAL DE REPUESTOS DE MOTOS SAS,No encontrado,No encontrado
HL COMBUSTIBLES SAS,https://www.hlcombustibles.com,info@hlcombustibles.com
EL ROBLE MOTOR S.A.S.,https://www.elroblemotor.com,contacto@elroblemotor.com
Inversiones Dama Salud Sas,No encontrado,No encontrado
AGRO GRAIN SA,No encontrado,No encontrado
GENIUS SPORTS SERVICES COLOMBIA S.A.S.,https://www.geniussports.com,contacto@geniussports.com
ABC CORPORATION S.A.S.,No encontrado,No encontrado
CARNICOS Y ALIMENTOS S.A.S,No encontrado,No encontrado
SOCODA SAS,https://www.socoda.com.co,info@socoda.com.co
PAULANDIA SAS,No encontrado,No encontrado
QUIMTIA SAS,https://www.quimtia.com.co,contacto@quimtia.com.co
DISTRIBUCIONES RIOGRANDE S.A.S.,No encontrado,No encontrado
COLHILADOS LTD,No encontrado,No encontrado
CEDIALCO,No encontrado,No encontrado
CONIX SAS,https://www.conix.com.co,info@conix.com.co
O-TEK CENTRAL SAS,https://www.otek.com.co,contacto@otek.com.co
Ascensores Schindler de Colombia SAS,https://www.schindler.com,info@schindler.com
PANDAPAN DISTRIBUCIONES S.A.S.,No encontrado,No encontrado
LIBREVILLE S.A.S.,No encontrado,No encontrado
O-TEK INTERNACIONAL S.A.S.,https://www.otek.com.co,contacto@otek.com.co
SUPERCERDO PAISA SAS,No encontrado,No encontrado
PROVEEDORA SAN FERNANDO OROZCO SAS,No encontrado,No encontrado
QUIMICOS Y PLASTICOS INDUSTRIALES SAS,No encontrado,No encontrado
ONELINK S.A.S.,https://www.onelink.com.co,info@onelink.com.co
DIESEL ANDINO S.A,https://www.dieselandino.com,contacto@dieselandino.com
YOYO S.A.S.,No encontrado,No encontrado
COMERCIALIZADORA Y REPRESENTACIONES ANTIOTRADING SAS,No encontrado,No encontrado
COMERCIALIZADORA INTERNACIONAL ELEVEN CORPORATION S.A.S.,No encontrado,No encontrado
AGUA BENDITA SAS,https://www.aguabenditaswimwear.com,info@aguabenditaswimwear.com
COMERCIALIZADORA INTERNACIONAL TOSCANO GROUP SAS,No encontrado,No encontrado
TEAM COMMUNICATIONS S.A,https://www.teamcommunications.com.co,contacto@teamcommunications.com.co
MISION EMPRESARIAL SAS,No encontrado,No encontrado
DAR AYUDA TEMPORAL SA,No encontrado,No encontrado
INSUMOS Y AGREGADOS DE COLOMBIA S.A.S,No encontrado,No encontrado
ALCANTARA ASOCIADOS S A S,No encontrado,No encontrado
PROQUIDENT S.A,https://www.proquident.com.co,info@proquident.com.co
ALMACEN RODAMIENTOS SA,https://www.almacenrodamientos.com,contacto@almacenrodamientos.com
DISWIFARMA S.A.S,https://www.diswifarma.com.co,info@diswifarma.com.co
PLAZA MAYOR MEDELLIN CONVENCIONES Y EXPOSICIONES S.A.,https://www.plazamayor.com.co,contacto@plazamayor.com.co
SERVICIO AEREO DE CAPURGANA S.A,No encontrado,No encontrado
LA RECETA Y CIA S.A.S,https://www.lareceta.com.co,info@lareceta.com.co
JARAMILLO RUENDES & ASOCIADOS S.A.S.,No encontrado,No encontrado
ALIANZA MAYORISTA S.AS.,No encontrado,No encontrado
WESTFALIA FRUIT COLOMBIA SAS,https://www.westfaliafruit.com,contacto@westfaliafruit.com
CONCENTRIX SERVICIOS COLOMBIA S.A.S.,https://www.concentrix.com,info@concentrix.com
DOBLAMOS S.A.S,https://www.doblamos.com.co,contacto@doblamos.com.co
EDEMCO S.A.S,https://www.edemco.com.co,info@edemco.com.co
DISTRIBUIDORA COLOMBIA GC SAS,No encontrado,No encontrado
AUTOZEN SAS,https://www.autozen.com.co,contacto@autozen.com.co
Clinica Antioquia S.A.,https://www.clinicaantioquia.com.co,info@clinicaantioquia.com.co
SURTIALIMENTOS S.A.S.,https://www.surtialimentos.com.co,contacto@surtialimentos.com.co
RTD SAS,No encontrado,No encontrado
SUPERMERCADOS DINASTIA LA ABUNDANCIA SAS,No encontrado,No encontrado
MEJIA ACEVEDO S.A.S,No encontrado,No encontrado
DEPOSITO DE DROGAS MONACO,No encontrado,No encontrado
INDUSTRIAS DE ALUMINIO ARQUITECTONICO Y VENTANERIA SAS - ALCO SAS,https://www.alco.com.co,info@alco.com.co
INVERSIONES MAXIFRUVER S.A.S.,No encontrado,No encontrado
ADITIVOS Y QUIMICOS S.A.S,No encontrado,No encontrado
COMPLEMENTOS HUMANOS S.A.S.,No encontrado,No encontrado
ALMACENES FLAMINGO S.A,https://www.almacenesflamingo.com,contacto@almacenesflamingo.com
PLASMAR SAS,https://www.plasmar.com.co,info@plasmar.com.co
CONSTRUCTORA AGATA SAS,No encontrado,No encontrado
SOFKA TECHNOLOGIES S.A.S.,https://www.sofka.com.co,contacto@sofka.com.co
LAUMAYER COLOMBIANA COMERCIALIZADORA S.A.S,No encontrado,No encontrado
NEGOCIOS CORE S.A.S.,No encontrado,No encontrado
COMERCIALIZADORA S.YE. Y CIA S.A.S,No encontrado,No encontrado
PLASTICOS TRUHER S.A.,https://www.truher.com.co,info@truher.com.co
R&R Lubricantes SAS,No encontrado,No encontrado
SERVICIOS ESPECIALIZADOS DE TECNOLOGIA E INFORMATICA SETI SAS,No encontrado,No encontrado
DOTAKONDOR SAS,https://www.dotakondor.com,contacto@dotakondor.com
ACEROS TURIA DE COLOMBIA SAS,https://www.acerosturia.com,info@acerosturia.com
CENTRO SUR S.A.S.,No encontrado,No encontrado
VIAPPIANI DE COLOMBIA S.A.S,https://www.viappiani.com,contacto@viappiani.com
PROCO INC,No encontrado,No encontrado
CORRUGADOS DEL DARIEN S.A.S,https://www.corrugadosdeldarien.com,info@corrugadosdeldarien.com
Huawei Technologies Managed Service COlombia S.A.S.,https://www.huawei.com,contacto@huawei.com
PROCOPAL S.A.,https://www.procopal.com.co,info@procopal.com.co
ABURRA SAS,https://www.aburra.com.co,contacto@aburra.com.co
InverBosques S.A,No encontrado,No encontrado
PRODUCTOS ALIMENTICIOS ALCO S.A.S.,https://www.alco.com.co,info@alco.com.co
TECNOLOGIA ALIMENTARIA S.A.S. BIC,No encontrado,No encontrado
CFS LOGISTICS LLC SUCURSAL COLOMBIA,https://www.cfslogistics.com,contacto@cfslogistics.com
DISCURRAMBA S.A.S.,No encontrado,No encontrado
INGREDIENTES Y PRODUCTOS FUNCIONALES S.A.S.,No encontrado,No encontrado
CONSTRUCTORA ALTOS DE LA ABADIA,No encontrado,No encontrado
SERVIREENCAUCHE DE COLOMBIA SA,https://www.servireencauche.com,info@servireencauche.com
PRIMIUS SAS,https://www.primius.com.co,contacto@primius.com.co
LONDOÑO GOMEZ S.A.S.,No encontrado,No encontrado
Audiocom Ips,No encontrado,No encontrado
CORLANC S.A.S,https://www.corlanc.com.co,info@corlanc.com.co
CEM ELECTRONIX S.A.S,https://www.cemelectronix.com,contacto@cemelectronix.com
INDUSTRIA PAPELERA INDUGEVI S.A.S,No encontrado,No encontrado
JUAN NEUSTADTEL S.A.S.,No encontrado,No encontrado
MUNDO YAMAHA SA,https://www.mundoyamaha.com.co,contacto@mundoyamaha.com.co
INDUSTRAS VEGA NATIPAN SAS,No encontrado,No encontrado
FERRETERIA LOS FIERROS SAS,No encontrado,No encontrado
DISTRIBUIDORA SURTIVEL SAS,No encontrado,No encontrado
EL ZARZAL S.A.,No encontrado,No encontrado
Pavimentar SA,https://www.pavimentar.com.co,info@pavimentar.com.co
DISPRESCO SAS,No encontrado,No encontrado
BARRABAS INVERSIONES SAS,No encontrado,No encontrado
ASCENDER SAS,https://www.ascender.com.co,contacto@ascender.com.co
ESPUMAS MEDELLIN S.A,https://www.espumasmedellin.com,info@espumasmedellin.com
MAPER SAS,https://www.maper.com.co,contacto@maper.com.co
lacteos el galan sa,No encontrado,No encontrado
SERVICIOS GENERALES SURAMERICANA S. A.S,No encontrado,No encontrado
SISTEMA ALIMENTADOR ORIENTAL SAS,No encontrado,No encontrado
SELECTA COMPAÑIA DE CEREALES SAS,No encontrado,No encontrado
TIEMPOS SAS,https://www.tiempos.com.co,info@tiempos.com.co
SEGURIDAD ATEMPI DE COLOMBIA LTDA,No encontrado,No encontrado
SETAS COLOMBIANAS S.A SETAS S.A,https://www.setas.com.co,contacto@setas.com.co
SULFOQUIMICA S.A.,https://www.sulfoquimica.com,info@sulfoquimica.com
CASA FERRETERA S.A.S,https://www.casaferretera.com.co,contacto@casaferretera.com.co
ESPECIALIDADES OFTALMOLOGICAS SA,No encontrado,No encontrado
De la granja Antioquia S.A.S,No encontrado,No encontrado
RANKING SPORT SAS,No encontrado,No encontrado
CI FLORES DE LA VEGA SAS,No encontrado,No encontrado
ENETEL SAS,https://www.enetel.com.co,info@enetel.com.co
H Y R DISTRIBUCIONES S.A.S.,No encontrado,No encontrado
SOCIEDAD DE COMERCIALIZACION INTERNACIONAL DE NEGOCIOS NARANJA Y TECNOLOGIA FINANCIERA S.A.S BIC,No encontrado,No encontrado
GR LOGISTICA INTEGRAL S.A.S.,https://www.grlogistica.com,contacto@grlogistica.com
ALIMENTOS SEVILLA SAS,No encontrado,No encontrado
ASEO Y SOSTENIMIENTO Y COMPAÑIA S.A.,No encontrado,No encontrado
CI DISTRIHOGAR SAS,No encontrado,No encontrado
CEIBA SOFTWARE HOUSE S.A.S.,https://www.ceiba.com.co,info@ceiba.com.co
ZOILO INVERSIONES SAS,No encontrado,No encontrado
INVERSIONES SANIN PEREZ,No encontrado,No encontrado
CONCENTRIX CRM COLOMBIA SAS,https://www.concentrix.com,contacto@concentrix.com
PISENDE SAS,No encontrado,No encontrado
AGUAS REGIONALES EPM S.A E.S.P,https://www.aguasregionales.com,info@aguasregionales.com
CAFE DE SANTA BARBARA S.A.S.,No encontrado,No encontrado
HIERROS MADEBELLO SAS,https://www.hierrosmadebello.com,contacto@hierrosmadebello.com
MENSULA SAS,No encontrado,No encontrado
JABATO INVERSIONES S.A.S.,No encontrado,No encontrado
AGROINDUSTRIAS LOS ROBLES S.A.S,No encontrado,No encontrado
AUTOFAX SA,https://www.autofax.com.co,info@autofax
RAZÓN SOCIAL,WEB,CORREO ELECTRONICO
ABSORBENTES DE COLOMBIA SA,https://www.absorbentesdecolombia.com,info@absorbentesdecolombia.com
TIERRUCA S.A.S.,No encontrado,No encontrado
Organizacion Santa Lucia S.A.,No encontrado,No encontrado
VENTAS DOBLE G S.A.S. EN REORGANIZACION,No encontrado,No encontrado
ByB Constructores sas,https://www.bybconstructores.com,contacto@bybconstructores.com
INDUSTRIAS ESTRA S.A.,https://www.estra.com.co,info@estra.com.co
ANDINA DE CONSTRUCCIÓNES Y ASOCIADOS SAS,No encontrado,No encontrado
UNION COMERCIAL ROPTIE S A,No encontrado,No encontrado
MANE SUCURSAL COLOMBIA,https://www.mane.com,contacto@mane.com
INTEGRAL S.A.,https://www.integral.com.co,info@integral.com.co
SARY S.A.S,No encontrado,No encontrado
COLPLAST SAS,https://www.colplast.com.co,contacto@colplast.com.co
DISTRIBUCIONES FARMACEUTICAS HERSON S.A.S,No encontrado,No encontrado
ARARY SAS,No encontrado,No encontrado
PERSONAL SOFT S.A.S,https://www.personalsoft.com.co,info@personalsoft.com.co
Sociedad Medica Antioqueña S.A. Soma,https://www.soma.com.co,contacto@soma.com.co
FRESHCOLOMBIA INTERNATIONAL SAS,No encontrado,No encontrado
GRUPO AL SAS,No encontrado,No encontrado
ABRASIVOS DE COLOMBIA S.A,https://www.abrasivosdecolombia.com,info@abrasivosdecolombia.com
INGELECTRICA,No encontrado,No encontrado
ANTIOQUEÑA DE COMBUSTIBLES SAS,https://www.antioquenacombustibles.com,contacto@antioquenacombustibles.com
IMPORTADORA NIPON SA,No encontrado,No encontrado
ROSCOGAS S.A. E.S.P,https://www.roscogas.com,info@roscogas.com
SHIRLEY ZULUAGA SALAZAR Y CIA S.A.S.,No encontrado,No encontrado
VARIADORES SAS,https://www.variadores.com.co,contacto@variadores.com.co
SURAMERICANA DE TEXTILES S.A.S.,No encontrado,No encontrado
UPS GLOBAL BUSINESS SERVICES COLOMBIA S.A.S,https://www.ups.com,contacto@ups.com
TDM TRANSPORTES S.A.S.,No encontrado,No encontrado
FERRAGRO SAS,https://www.ferragro.com.co,info@ferragro.com.co
CARGO VOLCO SAS,No encontrado,No encontrado
Clinica De Oftalmologia Sandiego S.A,https://www.sandiego.com.co,info@sandiego.com.co
MATERIALES SU CONSTRUCCIÓN S.A.S.,No encontrado,No encontrado
PROEXCAR S.A.S.,https://www.proexcar.com.co,contacto@proexcar.com.co
SOCIEDAD CENTRAL GANADERA S.A.,https://www.centralganadera.com.co,info@centralganadera.com.co
INVERAGRO LA ACACIA S.A.S.,No encontrado,No encontrado
ELECTROQUIMICA WEST S.A,https://www.electroquimicawest.com,contacto@electroquimicawest.com
BICYCLETTE SAS,https://www.bicyclette.com.co,info@bicyclette.com.co
CIALMASEG S A,No encontrado,No encontrado
DOMINA ETREGA TOTAL S.A.S,No encontrado,No encontrado
NUESTRA COCINA ARTESANAL SAS,No encontrado,No encontrado
FINESTERRE S.A.S.,No encontrado,No encontrado
ARISTIZABAL JOYEROS SAS,https://www.aristizabaljoyeros.com,contacto@aristizabaljoyeros.com
CERDON SAS,https://www.cerdon.com.co,info@cerdon.com.co
DISTRIBUIDORA EL AMAZONAS SAS,No encontrado,No encontrado
ADARGA SAS,https://www.adarga.com.co,contacto@adarga.com.co
ZBC S.A.S,No encontrado,No encontrado
Enlace Opertativo S.A.,No encontrado,No encontrado
SANEAR S.A,https://www.sanear.com.co,info@sanear.com.co
TECNOLOGÍAS ALIMENTICIAS S.A.S.,No encontrado,No encontrado
DISTRIBUIDORA MATEC SAS,No encontrado,No encontrado
MULTIGRANOS LA ESPIGA SAS,No encontrado,No encontrado
ARTEXTIL SAS,https://www.artextil.com.co,contacto@artextil.com.co
ESCABOR S.A.S,No encontrado,No encontrado
AUTOMATIZACION SA,https://www.automatizacion.com.co,info@automatizacion.com.co
Fondo de Coberturas crediticias SAS,No encontrado,No encontrado
DISTRIBUCCIONES AGUIRRE SIERRA SAS,No encontrado,No encontrado
BONEM S.A.,https://www.bonem.com.co,contacto@bonem.com.co
CHAFAROTUDO S.A.S.,No encontrado,No encontrado
STRACON INTERNATIONAL S. A. C. SUCURSAL COLOMBIA,https://www.stracon.com,info@stracon.com
RAMA CUATRO S.A.S.,No encontrado,No encontrado
INVERSIONES MIL VARIEDADES S.A.S,No encontrado,No encontrado
TOCAR S.A.,https://www.tocar.com.co,contacto@tocar.com.co
POLINYLON S.A.,https://www.polinylon.com.co,info@polinylon.com.co
INVERSIONES SABINO SAS,No encontrado,No encontrado
UMO SA,No encontrado,No encontrado
IMBOCAR S.A.S,No encontrado,No encontrado
CHT COLOMBIANA LTDA.,https://www.cht.com,contacto@cht.com
ATB RIVA CALZONI COLOMBIA,https://www.atbrivacalzoni.com,info@atbrivacalzoni.com
EQUIELECT SAS,https://www.equielect.com.co,contacto@equielect.com.co
EKO RED S.A.S,https://www.ekored.com.co,info@ekored.com.co
INVERSIONES CAMPOAMALIA SAS,No encontrado,No encontrado
TRANSPORTES RAPIDO OCHOA S A,https://www.rapidoochoa.com,contacto@rapidoochoa.com
DISTRILECHA SAS,No encontrado,No encontrado
EL EQUIPO DEL PUEBLO S.A,No encontrado,No encontrado
DISTRiBUIDORA DE LUBRICANTES TERDEX SAS,No encontrado,No encontrado
So Servicios Medicos Y Oftalmologicos S.A.S,No encontrado,No encontrado
BAIKA COLOMBIA S.A.S.,https://www.baika.com.co,info@baika.com.co
CONINTEL S.A.,https://www.conintel.com.co,contacto@conintel.com.co
C.I. CALLA FARMS S.A.S.,https://www.callafarms.com,info@callafarms.com
EDUARDO BOTERO SOTO S.A.,No encontrado,No encontrado
Abo Energy Colombia SAS,https://www.abo-energy.com,contacto@abo-energy.com
Suplemedicos SAS,https://www.suplemedicos.com,info@suplemedicos.com
PCA PRODUCTORA Y COMERCIALIZADORA DE ALIMENTOS SAS,No encontrado,No encontrado
GRUPO ALV SAS,No encontrado,No encontrado
INMOBILIARIA CONSTRUCTORA SERVING S.A.S,https://www.serving.com.co,contacto@serving.com.co
ALGAR TECNOLOGIA S.A.S,https://www.algartecnologia.com,info@algartecnologia.com
CALIDRA COLOMBIA SAS,https://www.calidra.com,contacto@calidra.com
QUIMICOLOR SAS,https://www.quimicolor.com.co,info@quimicolor.com.co
HUGE SAS,https://www.huge.com.co,contacto@huge.com.co
NUVA S.A.S.,https://www.nuva.com.co,info@nuva.com.co
TRES PINOS S.A.S.,No encontrado,No encontrado
GRANELES Y CARGA S.A.,No encontrado,No encontrado
Nueva Clinica Sagrado Corazon S.A.S,https://www.clinicasagradocorazon.com,info@clinicasagradocorazon.com
ADH PAPELES ADHESIVOS SAS,https://www.adh.com.co,contacto@adh.com.co
ENERGIA Y POTENCIA S.A.S,https://www.energiaypotencia.com,info@energiaypotencia.com
DISPARTES SAS,https://www.dispartes.com.co,contacto@dispartes.com.co
LAUDAN OPERADORES SAS,No encontrado,No encontrado
MICROMINERALES S.A.S,https://www.microminerales.com.co,info@microminerales.com.co
INGENIERIA INMOBILIARIA SAS,No encontrado,No encontrado
GREEN SERVICES AND SOLUTIONS SAS,No encontrado,No encontrado
IINDUSTRIAS METALICAS CORSAN SA,https://www.corsan.com.co,contacto@corsan.com.co
GTD COLOMBIA SAS,https://www.gtd.com.co,info@gtd.com.co
VIRTUALSOFT SERVICIOS & SOFTWARE SAS,https://www.virtualsoft.com.co,contacto@virtualsoft.com.co
GRANOS Y CEREALES LA FRIJOLERA SAS,No encontrado,No encontrado
AQUATERRA SAS,https://www.aquaterra.com.co,info@aquaterra.com.co
MU MECANICOS UNIDOS S.A.S.,No encontrado,No encontrado
ÉXITO INDUSTRIAS S.A.S.,https://www.exitoindustrias.com.co,contacto@exitoindustrias.com.co
AGROINDUSTRIA CARNICA DE AVANZADA S A S,No encontrado,No encontrado
GRUPO LUZ Y FUERZA COLOMBIA S.A.S,https://www.grupoluzyfuerza.com,info@grupoluzyfuerza.com
Ticsa Colombia,https://www.ticsa.com.co,contacto@ticsa.com.co
CORTEACEROS S A,https://www.corteaceros.com,info@corteaceros.com
TOSTADITOS SUSANITA SAS,No encontrado,No encontrado
AUTOMOTORA SAS,No encontrado,No encontrado
Centro Cardiovascular Somer Incare S A,https://www.somer.com.co,info@somer.com.co
AGRICOLA MAYORCA S.A.S.,No encontrado,No encontrado
Corresponsales Colombia S.A.S,https://www.corresponsalescolombia.com,contacto@corresponsalescolombia.com
CONTENTO BPS S.A,https://www.contento.com.co,info@contento.com.co
KAKARAKA SAS,No encontrado,No encontrado
LA MIGUERIA S.A.S,No encontrado,No encontrado
SUPERORIENTE S.A,https://www.superoriente.com.co,contacto@superoriente.com.co
INDUSTRIAS EMU SAS,https://www.emu.com.co,info@emu.com.co
Endava Colombia S.A.S,https://www.endava.com,contacto@endava.com
LICORES DE LA SABANA LIMITADA,No encontrado,No encontrado
COMPAÑIA DE ASPERSIONES AEREAS CONTROL B S.A.S ZOMAC,No encontrado,No encontrado
FRANCISCO MURILLO S.AS.,No encontrado,No encontrado
Autolux SAS,https://www.autolux.com.co,info@autolux.com.co
PC MEJIA SA,https://www.pcmejia.com,contacto@pcmejia.com
HATCH S.A.S.,https://www.hatch.com,info@hatch.com
IMPORTADORA CELESTE SA,No encontrado,No encontrado
DALI JOYERIA RELOJERIA S.A.S,https://www.dalijoyeria.com,contacto@dalijoyeria.com
RB SUPPLIES S.A.S,No encontrado,No encontrado
ACEROS INDUSTRIALESS.A.S EN REORGANIZACION,No encontrado,No encontrado
FARMATECH S.A,https://www.farmatech.com.co,info@farmatech.com.co
TOPLLANTAS S.A.S.,https://www.topllantas.com,contacto@topllantas.com
INDUSTRIAS PLASTICAS DE MEDELLIN SAS,https://www.ipm.com.co,info@ipm.com.co
EMPAQUES Y SERVICIOS SUPERIORES SAS,No encontrado,No encontrado
LABORATORIOS FUNAT SAS,https://www.funat.com.co,contacto@funat.com.co
Instituto Del Corazon S.A.S,https://www.institutodelcorazon.com.co,info@institutodelcorazon.com.co
ENERBIT SAS ESP,https://www.enerbit.co,contacto@enerbit.co
SERVI OIL DTC SAS,No encontrado,No encontrado
LADRILLERA SAN CRISTOBAL S.A.,https://www.ladrillerasancristobal.com,info@ladrillerasancristobal.com
ATESA DE OCCIDENTE S.A E.S.P.,https://www.atesa.com.co,contacto@atesa.com.co
AGROCOMERCIAL CAGIR SAS,No encontrado,No encontrado
MERCADOS UNIDOS ALIADOS SAS,No encontrado,No encontrado
QUIMICA ORION SAS,https://www.quimicaorion.com,info@quimicaorion.com
PROMOTORA ENTRE MARES S.A.S.,No encontrado,No encontrado
RONELLY SAS,No encontrado,No encontrado
INVERSIONES PINAMAR S.A.,No encontrado,No encontrado
Pro-Diagnostico S.A.,No encontrado,No encontrado
UN SOLO PROVEEDOR SAS,No encontrado,No encontrado
VICUNHA COLOMBIA SAS,https://www.vicunha.com,contacto@vicunha.com
POLO 1 SAS,No encontrado,No encontrado
PRODUCTOS Y MATERIALES DE CONFECCION S.A.S.,No encontrado,No encontrado
C.I MINERAL METALS LOGISTICS &SOLUTIONS S.A.S,No encontrado,No encontrado
PROMINERALES S.A.S.,https://www.prominerales.com.co,info@prominerales.com.co
COSMETICOS SAMY S.A.,https://www.samy.com.co,contacto@samy.com.co
C Y C OBRAS CIVILES S.A.S,No encontrado,No encontrado
Univer Plus,No encontrado,No encontrado
Clinica Oftalmologica De Antioquia S.A.S,https://www.clofan.com.co,info@clofan.com.co
CONVEL SAS,https://www.convel.com.co,contacto@convel.com.co
OILRED SAS,https://www.oilred.com.co,info@oilred.com.co
PRODUCTOS CARNICOS FRICAR S A S,No encontrado,No encontrado
UNO A ASEO INTEGRADO.S.A,https://www.unoa.com.co,contacto@unoa.com.co
PARACONSTRUIR SAS,https://www.paraconstruir.com.co,info@paraconstruir.com.co
LITO SAS,https://www.lito.com.co,contacto@lito.com.co
VIVEL S.A.S,https://www.vivel.com.co,info@vivel.com.co
INDUSTRIAS DEL HIERRO S.A.S,https://www.industriasdelhierro.com,contacto@industriasdelhierro.com
VENISE SAS,https://www.venise.com.co,info@venise.com.co
AGROMIL S.A.S.,No encontrado,No encontrado
INDUSTRIAS FATELARES SAS,No encontrado,No encontrado
SOCIEDAD DE COMERCIALIZACION INTERNACIONAL AGRICOLAS UNIDAS SAS,No encontrado,No encontrado
INTERNACIONAL DE ABASTOS Y LICORES SAS,No encontrado,No encontrado
BIKE HOUSE SAS,https://www.bikehouse.com.co,contacto@bikehouse.com.co
REPRESENTACIONES MEDICAS ALCOST PHARMACEUTICAL SAS,No encontrado,No encontrado
TEAM IT S.A.S.,https://www.teamit.com.co,info@teamit.com.co
DISTRIBUIDORA FP S.A.S,No encontrado,No encontrado
AGROPECUARIA GRUPO 20 S.A,No encontrado,No encontrado
COMERCIALIZADORA INTERNACIONAL AGROGREENLAND S.A.S,No encontrado,No encontrado
INVERSIONES MONTOLIVO SAS,No encontrado,No encontrado
GRUPO EMPRESARIAL PEMC SAS,No encontrado,No encontrado
GRUPO EMPRESARIAL SEISO SAS,No encontrado,No encontrado
MAYUN SAS,No encontrado,No encontrado
OCCIDENTAL DE EMPAQUES SAS,https://www.occidentaldeempaques.com,info@occidentaldeempaques.com
MINA EL GRAN PORVENIR DEL LIBANO S.A,No encontrado,No encontrado
A'HORA S.A.S. SERVICIOS TEMPORALES,https://www.ahora.com.co,contacto@ahora.com.co
ALIRIO GOMEZ G. SERVICIOS DE ALIMENTACION S.A.S.,No encontrado,No encontrado
Cooperativa De Trabajo Asociado De Profesionales De La Salud De Donmatias - Prosalco,No encontrado,No encontrado
Dolphins Plus SA,No encontrado,No encontrado
Clinica San Juan De Dios La Ceja,https://www.clinicasanjuandedios.com,info@clinicasanjuandedios.com
REDYCO SAS,No encontrado,No encontrado
CI FAJAS MYD COLOMBIA SAS,https://www.fajasmyd.com,contacto@fajasmyd.com
GLÜKY GROUP S.A.S.,No encontrado,No encontrado
Soluciones Alegra S.A.S.,https://www.alegra.com,contacto@alegra.com
FRUTAS DE EXPORTACIO SAS FRUTEX SAS,No encontrado,No encontrado
CESDE S.A.S,https://www.cesde.edu.co,info@cesde.edu.co
TANANA SAS,No encontrado,No encontrado
Artmedica S.A.S,https://www.artmedica.com.co,contacto@artmedica.com.co
INTERNACIONAL EJECUTIVA DE AVIACION S.A.S,https://www.ieasa.com,info@ieasa.com
PORCIGENES SA,https://www.porcigenes.com,contacto@porcigenes.com
OPERADORA AIRPLAN SAS,https://www.airplan.com.co,info@airplan.com.co
DIVERTRONICA MEDELLIN SAS,No encontrado,No encontrado
Servicios Nutresa S.A.S.,https://www.serviciosnutresa.com,contacto@serviciosnutresa.com
IMPORTADORA JAPON SA,No encontrado,No encontrado
INVERSIONES JOMARA SAS,No encontrado,No encontrado
CI MATEC LOGISTICA S.A.S.,No encontrado,No encontrado
Inveragro el Cambulo S.A.S.,No encontrado,No encontrado
MEZCLAS BIOMIX S.A.S,https://www.biomix.com.co,info@biomix.com.co
EXELA SERVICIOS TEMPORALES S.A,https://www.exela.com.co,contacto@exela.com.co
CONSTRUCCIÓNES Y BIENES S.A. CONSTRUCCIÓNES Y BIENES S.A.,No encontrado,No encontrado
DAES S A S,No encontrado,No encontrado
INDUSTRIAS KENT Y SORRENTO S;A;,No encontrado,No encontrado
LANDA GROUP S.A.S.,https://www.landagroup.com.co,info@landagroup.com.co
"COMERCIALIZADORA GAPAL S.A.S. ",No encontrado,No encontrado
DISTRIBUIDORA DE QUIMICOS INDUSTRIALES S.A.,https://www.diquisa.com.co,contacto@diquisa.com.co
RP MEDICAS S.A,No encontrado,No encontrado
CORRESPONSALES DISTRICOL S.A.S.,No encontrado,No encontrado
PUERTO ANTIOQUIA HOLDING S.A.S,https://www.puertoantioquia.com,info@puertoantioquia.com
COMPAÑIA NACIONAL DE TRABAJADORES TEMPORALES S.A.S,No encontrado,No encontrado
INVERSIONES RIOS HOYOS SAS,No encontrado,No encontrado
PLASTIMUNDO SAS,https://www.plastimundo.com.co,contacto@plastimundo.com.co
ZONALOGISTICA S.A.S.,https://www.zonalogistica.com,info@zonalogistica.com
FLORES SILVESTRES S.A.,No encontrado,No encontrado
COMERCIALIZADORA RAGGED Y CIA S.A.S,No encontrado,No encontrado
URBANIZA SAS,https://www.urbaniza.com.co,contacto@urbaniza.com.co
PUNTO CARDINAL DE ORIENTE SAS,No encontrado,No encontrado
Soluciones Civiles S.A.S,https://www.solucionesciviles.com,info@solucionesciviles.com
ARCHROMA COLOMBIA SAS,https://www.archroma.com,contacto@archroma.com
PAECIA SAS,No encontrado,No encontrado
ESSENTIALL SAS,No encontrado,No encontrado
MEGATOYS SAS,https://www.megatoys.com.co,info@megatoys.com.co
MAGNUM LOGISTICS S.A.S,https://www.magnumlogistics.com.co,contacto@magnumlogistics.com.co
CONSTRUCTORA SERVING SAS,https://www.serving.com.co,info@serving.com.co
MERA MEDELLIN SAS,https://www.meramedellin.com,contacto@meramedellin.com
EL COLOMBIANO SAS,https://www.elcolombiano.com,contacto@elcolombiano.com
NUEVO MUNDO OLEICO S.A.S,No encontrado,No encontrado
INGEMA S.A.,https://www.ingema.com.co,info@ingema.com.co
WEIR MINERALS COLOMBIA SAS,https://www.weirminerals.com,contacto@weirminerals.com
TIENDAS DE ROPA INTIMA S.A,No encontrado,No encontrado
LABORATORIOS MEDIFARMA S.A.S,https://www.medifarma.com.co,info@medifarma.com.co
Servicios Aereos Panamericanos Sas,No encontrado,No encontrado
INCALL S.A.S,https://www.incall.com.co,contacto@incall.com.co
Clinica De Otorrinolaringologia De Antioquia S.A-Orlant S.A,https://www.orlant.com.co,info@orlant.com.co
COMERCIALIZADORA DE HIELOS IGLU SA,No encontrado,No encontrado
EXTRUSIONES S.A,https://www.extrusiones.com.co,contacto@extrusiones.com.co
INVERSIONES IDM SAS,No encontrado,No encontrado
COMPAÑIA AERO AGRICOLA INTEGRAL SAS,No encontrado,No encontrado
INDUSTRIAS DE ACERO SAS IDEACE,https://www.ideace.com.co,info@ideace.com.co
DERIVADOS LACTEOS DEL NORTE SAS,No encontrado,No encontrado
DISAZUCAR BOTERO SAS,No encontrado,No encontrado
JOSE A Y GERARDO E ZULUAGA SAS,No encontrado,No encontrado
Inversiones Crear Rama Sa,No encontrado,No encontrado
ART MODE SAS BIC,https://www.artmode.com.co,contacto@artmode.com.co
MACXICERDOS DE COLOMBIA SAS,No encontrado,No encontrado
SOLUCIONES Y PARTES S.A.S.,No encontrado,No encontrado
TAHUMA SAS,No encontrado,No encontrado
SERVICENTROS DE ENERGIA S.A.,https://www.servicentrosenergia.com,info@servicentrosenergia.com
Ciclotron Colombia S.A.S.,https://www.ciclotron.com.co,contacto@ciclotron.com.co
BIO URBE SAS,No encontrado,No encontrado
DORICOLOR INDULIT SAS,https://www.doricolor.com.co,info@doricolor.com.co
RIUM SAS,No encontrado,No encontrado
MCAD TRAINING & CONSULTING SAS,https://www.mcad.com.co,contacto@mcad.com.co
RIMOPLASTICAS S.A.,https://www.rimoplasticas.com,info@rimoplasticas.com
supermercado los ibañez sas,No encontrado,No encontrado
SSAB COLOMBIA SAS,https://www.ssab.com,contacto@ssab.com
COORDINADORA DE TANQUES SAS,https://www.coordinadoradetanques.com,info@coordinadoradetanques.com
SUPERMERCADO BOOM SAS,No encontrado,No encontrado
GLOBAL MVM SAS,No encontrado,No encontrado
COMERCIALIZADORA DE QUIMICOS Y PARAFINAS S.A.S.,No encontrado,No encontrado
EMPAQUES JUAN S.A.S.,No encontrado,No encontrado
SENCO LATIN AMERICA S.A.S,https://www.senco.com,contacto@senco.com
MYSTIC FOODS SAS,No encontrado,No encontrado
SOCIEDAD COMERCIALIZADORA DE COMBUSTIBLES S.A.S.,No encontrado,No encontrado
AA METALS SAS,No encontrado,No encontrado
GRICOAT DE COLOMBIA SAS,https://www.gricoat.com.co,info@gricoat.com.co
STANLEY BLACK & DECKER COLOMBIA SERVICES SAS,https://www.stanleyblackanddecker.com,contacto@stanleyblackanddecker.com
MASIVO DE OCCIDENTE SAS,No encontrado,No encontrado
PLASSOL S.A.S,https://www.plassol.com.co,info@plassol.com.co
M.V.H INVERSIONES S.A.S,No encontrado,No encontrado
EVERFIT SA,https://www.everfit.com.co,contacto@everfit.com.co
COMERCIALIZADORA EPA SAS,No encontrado,No encontrado
Pactia SAS,https://www.pactia.com,info@pactia.com
Gowan Colombia SAS,https://www.gowanco.com,contacto@gowanco.com
COLOMBIANA DE CINES S.A,https://www.cinescolombiana.com,info@cinescolombiana.com
INTERLAN SAS,https://www.interlan.com.co,contacto@interlan.com.co
PISOS Y ENCHAPES EUROCARIBE SAS,No encontrado,No encontrado
CONFECIONEES MILLAR S.A.S,No encontrado,No encontrado
AMARIS CONSULTING SAS,https://www.amaris.com,contacto@amaris.com
MIGUEL GOMEZ Y CIA,No encontrado,No encontrado
SENCO COLOMBIANA SAS,https://www.senco.com,info@senco.com
LA TIENDA DEL TRIPLEX SAS,No encontrado,No encontrado
MODA OXFORD SAS,No encontrado,No encontrado
VIGOMEZ SAS,No encontrado,No encontrado
REPRESENTACIONES Y DISTRIBUCIONES HOSPITALARIAS,No encontrado,No encontrado
SG MILENARIO SAS,No encontrado,No encontrado
DMT SOLUCIONES SAS,https://www.dmtsoluciones.com,contacto@dmtsoluciones.com
ASIGNAR SAS,https://www.asignar.com.co,info@asignar.com.co
INVERSIONES ASJ SAS,No encontrado,No encontrado
Angiosur S.A.S.,https://www.angiosur.com,info@angiosur.com
PROMOTORA ESSENZA SAS,No encontrado,No encontrado
AKITA MOTOS S.A,https://www.akitamotos.com,contacto@akitamotos.com
ALTERNATIVA DE MODA SAS,No encontrado,No encontrado
INVERSIONES GOMEZ ROJAS S.A.S.,No encontrado,No encontrado
INTERCOMERCIALIZADORA MEAT PACKING SAS,No encontrado,No encontrado
COMPAÑIA AEROFUMIGACIONES CALIMA SAS,No encontrado,No encontrado
Especialidades Medicas Metropolitanas S.A.S.,No encontrado,No encontrado
CONCENTRADOS AGROPECUARIOS CONCENAGRO SAS,No encontrado,No encontrado
REPOSTERIAS TDG SAS,No encontrado,No encontrado
GRUPO AUTOPARTES,No encontrado,No encontrado
C.I GOLD BY GOLD COLOMBIA S.A.S,No encontrado,No encontrado
F2X SAS,https://www.f2x.com.co,contacto@f2x.com.co
MULTICERDOS S.A.S,No encontrado,No encontrado
CHOUCAIR CARDENAS TESTING SA,https://www.choucairtesting.com,info@choucairtesting.com
CELSIA INTERNET S.A.S.,https://www.celsia.com,contacto@celsia.com
PINTURA Y YESOS SAS,No encontrado,No encontrado
PROMOCIONES Y MERCADEO MARTINEZ HERMANOS S.A.,No encontrado,No encontrado
DISTRIMEDICAL SAS,https://www.distrimedical.com.co,info@distrimedical.com.co
Codiscos S.A.S.,https://www.codiscos.com,contacto@codiscos.com
LOCALPACK S.A.S,No encontrado,No encontrado
CREARCIMIENTOS PROPIEDAD RAÍZ SAS,No encontrado,No encontrado
INGENIERIA ESPECIALIZADA S.A.,https://www.ingenieriae.com.co,info@ingenieriae.com.co
NEROLI SAS,https://www.neroli.com.co,contacto@neroli.com.co
RAZÓN SOCIAL,WEB,CORREO ELECTRONICO
SERVICIOS Y TRANSPORTES LTDA,No encontrado,No encontrado
INVERSIONES JAIBU S.A.S,No encontrado,No encontrado
INVERSIONES CALO S.A.S,No encontrado,No encontrado
CACHARRERIA BOMBAY SAS,No encontrado,No encontrado
CONSTRUCTORA CONARTE SAS,https://www.conarte.com.co,info@conarte.com.co
CONSTRUCCIÓNES Y TRACTORES SAS,No encontrado,No encontrado
PLASTEXTIL SAS,https://www.plastextil.com.co,contacto@plastextil.com.co
VELAS Y VELONES SAN JORGE S.A.S.,https://www.velassanjorge.com,info@velassanjorge.com
ENERGIZANDO INGENIERIA Y CONSTRUCCIÓN SAS,https://www.energizando.com.co,contacto@energizando.com.co
TANQUES DEL NORDESTE SA,No encontrado,No encontrado
ALSEC ALIMENTOS SECOS S.A.S,https://www.alsec.com.co,info@alsec.com.co
SUDISTRIBUISOR S.A,No encontrado,No encontrado
inversiones carnes torrente,No encontrado,No encontrado
BODEGA CAMPESINA SAS,No encontrado,No encontrado
Estibas Retornables de Colombia Ltda,https://www.estibasretornables.com,contacto@estibasretornables.com
VALECAR SAS,https://www.valecar.com.co,info@valecar.com.co
SOLUCIONES ALIMENTARIAS INDUSTRIALES INTEGRA SAS,No encontrado,No encontrado
METALES Y EXCEDENTES RECUPERADOS S.A.S EN REORGANIZACION,No encontrado,No encontrado
COMERCIALIZADORA LA 2000 S.A.S,No encontrado,No encontrado
CREDITOS ORBE SAS,https://www.creditorbe.com.co,contacto@creditorbe.com.co
SOLDADURAS INDUSTRIALES SAS,https://www.soldadurasindustriales.com,info@soldadurasindustriales.com
SC ABOGADOS,No encontrado,No encontrado
TRANZUL SAS,No encontrado,No encontrado
GISAICO SAS,No encontrado,No encontrado
PROINTIMO S.A.S,https://www.prointimo.com.co,contacto@prointimo.com.co
CLAVE SEGURIDAD CTA,No encontrado,No encontrado
GEA INVERSORES SAS,No encontrado,No encontrado
ARQUITECTO E INGENIEROS ASOCIADOS S.A,No encontrado,No encontrado
MILFORT SAS,No encontrado,No encontrado
CHEF BURGER COMPANY S.A.S.,https://www.chefburger.com.co,info@chefburger.com.co
AUTOMAX SAS,https://www.automax.com.co,contacto@automax.com.co
SERVICIOS AMBIENTALES Y GEOGRAFICOS S.A,https://www.saga.com.co,info@saga.com.co
CHEMTRADE COLOMBIA S.A.S,https://www.chemtrade.com,contacto@chemtrade.com
HRA UNIQUIMICA SAS,https://www.uniquimica.com.co,info@uniquimica.com.co
Adilab - Ayudas Diagnosticas Y Laboratorio Clinico S.A.S,https://www.adilab.com.co,contacto@adilab.com.co
INDUSTRIAS FANTASIA SAS,https://www.industriasfantasia.com,info@industriasfantasia.com
ALMACENES E INDUSTRIAS ROCA SAS,https://www.roca.com.co,contacto@roca.com.co
FERNANDEZ Y CIA S. A.,No encontrado,No encontrado
Limpieza y Mantenimiento de Antioquia S.A.S,https://www.limpiezaymant.com.co,info@limpiezaymant.com.co
LA CASA DEL AGRO MCU S.A.S,No encontrado,No encontrado
CONCRETOS Y ASFALTOS SA EN PROCESO DE REORGANIZACION,https://www.concretosyasfaltos.com,contacto@concretosyasfaltos.com
DISFINCA ENTRERRIOS SAS,No encontrado,No encontrado
SEGURIDAD TECNICA COLOMBIANA LTDA,No encontrado,No encontrado
GRUPO MARENA SAS,https://www.grupomarena.com,info@grupomarena.com
TRAZOS URBANOS S.A.S.,https://www.trazosurbanos.com.co,contacto@trazosurbanos.com.co
GERMANIA MOTORS SAS,No encontrado,No encontrado
Expert Medica Ips S.A.S.,No encontrado,No encontrado
MAZCARNES SAS,No encontrado,No encontrado
SP INMOBILIARIA SAS,No encontrado,No encontrado
REPARES SOCIEDAD ANONIMA,https://www.repares.com.co,info@repares.com.co
UNIPLES SAS,No encontrado,No encontrado
JULIAN ALBERTO CHAMORRO A. S.A.S.,No encontrado,No encontrado
UNIFORMES INDUSTRIALES ROPA Y CALZADO QUINLOP S.A.S.,No encontrado,No encontrado
TOLUA MADERAS Y HERRAJES SAS,No encontrado,No encontrado
ROTOPLAST SAS,https://www.rotoplast.com.co,contacto@rotoplast.com.co
OMAHA HOLDING S.A.S.,No encontrado,No encontrado
HACIENDA VELABA S.A.S,No encontrado,No encontrado
LACTEOS RANCHERO LLANOGRANDE S.A.S,No encontrado,No encontrado
INDUSTRIAL CONCONCRETO S A S,https://www.conconcreto.com,info@conconcreto.com
INDUSTRIA JABONERA LA JIRAFA SAS,No encontrado,No encontrado
LINGERIE LE SENSUEL S. A. S,No encontrado,No encontrado
Boston Medical Care Ips Sas,https://www.bostonmedical.com.co,contacto@bostonmedical.com.co
ULTRAGAS S.A.S.,https://www.ultragas.com.co,info@ultragas.com.co
INVERSIONES SOGA SA,No encontrado,No encontrado
ARQUITECTURA Y CONSTRUCCIÓNES SAS,No encontrado,No encontrado
PLASTICOS CORREA S.A.S,https://www.plasticoscorrea.com,contacto@plasticoscorrea.com
Industrias St. Even S.A.S.,https://www.steven.com.co,info@steven.com.co
TEXTIFULL SAS,https://www.textifull.com.co,contacto@textifull.com.co
MSB FEST SAS,No encontrado,No encontrado
INVERSIONES TRIBILIN SAS,No encontrado,No encontrado
JETBLUE AIRWAYS CORPORATION SUCURSAL COLOMBIA,https://www.jetblue.com,contacto@jetblue.com
AGRIPLAST SAS,https://www.agriplast.com.co,info@agriplast.com.co
BELLCHEM INTERNACIONAL SAS,https://www.bellchem.com.co,contacto@bellchem.com.co
TERCOL SAS,https://www.tercol.com.co,info@tercol.com.co
QUIMICA BASICA SAS,https://www.quimicabasica.com.co,contacto@quimicabasica.com.co
VINCULAMOS SAS,https://www.vinculamos.com.co,info@vinculamos.com.co
EXPLOMIN PERFORACIONES S.A.S,No encontrado,No encontrado
AVICOLA SAN MARTIN SA,https://www.avicolasanmartin.com,contacto@avicolasanmartin.com
ELECTROSERVICIO S.A,https://www.electroservicio.com.co,info@electroservicio.com.co
CARBONES SAN FERNANDO S.A.S. EN PROCESO DE REORGANIZACION,No encontrado,No encontrado
Servicios De Salud San Vicente Fundación,https://www.sanvicentefundacion.com,contacto@sanvicentefundacion.com
ALMACENES Y TALLERES MOTO PRECISION S.A.,No encontrado,No encontrado
GTA COLOMBIA SAS,https://www.gta.com.co,info@gta.com.co
COOPERATIVA DE TRANSPORTADORES SAN ANTONIO,No encontrado,No encontrado
PAHT CONSTRUCCIÓNES SAS,No encontrado,No encontrado
EMPRESA DE SERVICIOS TEMPORALES MAXEMPLEOS SAS,https://www.maxempleos.com.co,contacto@maxempleos.com.co
INDUSTRIAS MEDICAS SAMPEDRO SAS,https://www.sampedro.com.co,info@sampedro.com.co
TECHNO FOOD SAS,No encontrado,No encontrado
WOLKVOX S.A.S,https://www.wolkvox.com,contacto@wolkvox.com
Home Group S.A.S,No encontrado,No encontrado
INTERNACIONAL DE BELLEZA SAS,No encontrado,No encontrado
INVERSIONES FEEDS S.A.S,No encontrado,No encontrado
COOPERATIVA DE TRABAJO ASOCIADO DE SERVICIOS DE VIGILANCIA Y SEGURIDAD PRIVADA C,No encontrado,No encontrado
MONTACARGAS AM&M SAS,https://www.montacargasamm.com,info@montacargasamm.com
DUTY FREE PARTNERS COLOMBIA SAS,https://www.dutyfree.com.co,contacto@dutyfree.com.co
"PROYECTOS Y VIAS SAS ",No encontrado,No encontrado
LAMINAIRE SAS,https://www.laminaire.com.co,info@laminaire.com.co
MARCAS Y DISTRIBUCIONES SAS,No encontrado,No encontrado
ORGANIZACION NUEVA AURORA S.A.S.,No encontrado,No encontrado
YAMAHA SPORTS SAS,https://www.yamahasports.com.co,contacto@yamahasports.com.co
FCR SAS,No encontrado,No encontrado
Clinica Del Campestre S A,https://www.clinicadelcampestre.com,info@clinicadelcampestre.com
LACTOINSUMOS COMERCIALIZADORA PRODUCTOS LACTEOS S.A.S,No encontrado,No encontrado
MP Galagro SAS,No encontrado,No encontrado
REJIPLAS SAS,https://www.rejiplas.com.co,contacto@rejiplas.com.co
FORJAS BOLIVAR SAS,https://www.forjasbolivar.com,info@forjasbolivar.com
TIENDACOL SAS,https://www.tiendacol.com,contacto@tiendacol.com
ALMACENES EXITO INVERSIONES S.A.S.,https://www.grupo-exito.com.co,info@grupo-exito.com.co
GMP PRODUCTOS QUIMICOS S.A.S.,https://www.gmp.com.co,contacto@gmp.com.co
VITAMAR SA,https://www.vitamar.com.co,info@vitamar.com.co
GRUPO SURTIEXPRESS SASS,No encontrado,No encontrado
Clinica Pajonal S.A.S,No encontrado,No encontrado
Neurum S.A.S,https://www.neurum.com.co,contacto@neurum.com.co
RP DENTAL SA,https://www.rpdental.com.co,info@rpdental.com.co
TEMPOTRABAJAMOS SAS,https://www.tempotrabajamos.com,contacto@tempotrabajamos.com
FERROCORTES GM Y CIA SAS,No encontrado,No encontrado
LEGUMBRES HERIBERTO MONTES BEDOYA SAS,No encontrado,No encontrado
HOTEL DANN CARLTON MEDELLIN S.A.S.,https://www.danncarlton.com,info@danncarlton.com
FELDA S.A.,No encontrado,No encontrado
GODDARD CATERING GROUP COLOMBIA SAS,https://www.goddardcatering.com,contacto@goddardcatering.com
J&B INVERSORES SAS,No encontrado,No encontrado
COMPAÑIA INTEGRAL DE NEGOCIOS DE COLOMBIA SAS,No encontrado,No encontrado
FLORES DE LA CAMPIÑA S.A.S,No encontrado,No encontrado
AGROPECUARIA DE PAPA SAS,No encontrado,No encontrado
IUVITY COLOMBIA LTDA,https://www.iuvity.com,contacto@iuvity.com
ALGAMAR S.A,https://www.algamar.com.co,info@algamar.com.co
GRUPO ALPEN SAS,https://www.grupoalpen.com,contacto@grupoalpen.com
"COMERCIALIZADORA INTERNACIONAL EXUN SAS ""COMERCIALIZADORA INTERNACIONAL EXUN SAS",No encontrado,No encontrado
A PARRA SAS,No encontrado,No encontrado
GORILLA LOGIC SAS,https://www.gorillalogic.com,info@gorillalogic.com
AYA CORP SAS,No encontrado,No encontrado
COMERCIALIZADORA INTERNACIONAL EL GLOBO S.A.S.,https://www.elglobo.com.co,contacto@elglobo.com.co
INVERSIONES BALLU S.A.S.,No encontrado,No encontrado
C&S TECNOLOGIA SAS BIC,No encontrado,No encontrado
C.I NUTREO S.A.S,No encontrado,No encontrado
SALOMAX S.A.S.,No encontrado,No encontrado
Optica Colsanitas Sas,https://www.opticacolsanitas.com,info@opticacolsanitas.com
BYCSA SA,https://www.bycsa.com.co,contacto@bycsa.com.co
OI LATAM SERVICES S.A.S,https://www.oi.com.co,info@oi.com.co
Comercializadora Surtinegocios SAS,No encontrado,No encontrado
DYVAL S.A.,https://www.dyval.com.co,contacto@dyval.com.co
INTERDOORS S.A.S,https://www.interdoors.com.co,info@interdoors.com.co
COMPURENT SAS,https://www.compurent.com.co,contacto@compurent.com.co
IMPORTADORA NASA S.A.S.,No encontrado,No encontrado
YKK COLOMBIA S.A.S.,https://www.ykk.com,info@ykk.com
INDUSTRIA DE GALLETAS GRECO,https://www.greco.com.co,contacto@greco.com.co
TRANSPORTES CARGOFRIO SAS,No encontrado,No encontrado
COMERCIALIZADORA RETINSA SAS,No encontrado,No encontrado
GLOBAL MENSAJERIA,https://www.globalmensajeria.com,info@globalmensajeria.com
FIRPLAK SA,https://www.firplak.com,contacto@firplak.com
OPTIMA S.A.S. VIVIENDA Y CONSTRUCCIÓN,https://www.optima.com.co,info@optima.com.co
CREACIONES NADAR S.A,https://www.nadar.com.co,contacto@nadar.com.co
SERVIBARRAS S.A.S.,No encontrado,No encontrado
Escada Financial Corp Sucursal Colombia,No encontrado,No encontrado
UNION MEDICAL SAS,https://www.unionmedical.com.co,info@unionmedical.com.co
PRODIA S.A.S.,https://www.prodia.com.co,contacto@prodia.com.co
TIPALMA SAS,No encontrado,No encontrado
HYBRYTEC SAS,https://www.hybrytec.com,info@hybrytec.com
DISTRIBUIDORA ANDINA DE ARTICULOS DEPORTIVOS S.A.S,No encontrado,No encontrado
JAL TECH SOLUCIONES SAS JAL TECH SOLUCIONES SAS,No encontrado,No encontrado
AUTODICOL SAS,No encontrado,No encontrado
CENTRO ACEROS S.A.S.,https://www.centroaceros.com,contacto@centroaceros.com
CHAMELA SAS,https://www.chamela.com.co,info@chamela.com.co
ASEO TECNICO S.A.S. E.S.P.,https://www.aseotecnico.com,contacto@aseotecnico.com
CALA COLOMBIA SAS,https://www.cala.com.co,info@cala.com.co
PRODUCTORA AGROINDUSTRIAL DE COLOMBIA PROAINCO SAS,No encontrado,No encontrado
ALMACEN MOTOCAMPO S.A,No encontrado,No encontrado
IFCOSYSTEMS COLOMBIA SAS,https://www.ifcosystems.com,contacto@ifcosystems.com
SINERGIATEX SAS,https://www.sinergiatex.com.co,info@sinergiatex.com.co
COMERCIAL LUX S.A.S,No encontrado,No encontrado
IMPORTACIONES REYPAR S.A.S,No encontrado,No encontrado
PROMOTORA INMOBILIAIRIA MADERA S.A.S,No encontrado,No encontrado
SERVICIOS GRUPO BIOS S.A.S.,https://www.grupobios.com.co,contacto@grupobios.com.co
Equipos Gleason S.A,No encontrado,No encontrado
KP EMPAQUES FLEXIBLES SAS,https://www.kpempaques.com,info@kpempaques.com
COMERCIALIZADORA INTERNACIONAL CARIBBEAN EXOTICS SAS,https://www.caribbeanexotics.com,contacto@caribbeanexotics.com
ESCALAR DISTRIBUCIONES S.A.S.,No encontrado,No encontrado
COLOMBIANA DE VIGILANCIA TECNICA LTDA,No encontrado,No encontrado
NUTRICERES SAS,https://www.nutriceres.com.co,info@nutriceres.com.co
ACCESORIOS Y VALVULAS APOLO SAS,https://www.apolo.com.co,contacto@apolo.com.co
OCEANIC PAINTS SAS,https://www.oceanicpaints.com.co,info@oceanicpaints.com.co
TRANSPORTES DE LA SIERRA S.A.S.,No encontrado,No encontrado
INVERSIONES CANO PEREZ SAS,No encontrado,No encontrado
PRODUCTOS ALIMENTICIOS LAS CASERITAS SA,No encontrado,No encontrado
Universidad Ces,https://www.ces.edu.co,info@ces.edu.co
PLASTIBOL DE COLOMBIA SAS,https://www.plastibol.com.co,contacto@plastibol.com.co
BODEGA DE MODA S.A.S,https://www.bodegademoda.com,info@bodegademoda.com
RINCARD SAS,No encontrado,No encontrado
DISTRILECO CAUCASIA SAS,No encontrado,No encontrado
MONA MINAS SA COLOMBIA,No encontrado,No encontrado
SUMMA SERVICIOS CORPORATIVOS INTEGRALES SAS,https://www.summa.com.co,contacto@summa.com.co
CI CONFECCIONES INDUSTRIALES PARA EXPORTACION SA,No encontrado,No encontrado
FRIGOCARNES SAS,No encontrado,No encontrado
CONDUGAS SA BIC,https://www.condugas.com.co,info@condugas.com.co
CONSTRUCTORA SUMAS & RESTAS SAS,No encontrado,No encontrado
MEDICAL SUPP,No encontrado,No encontrado
COLTEJER S.A.,https://www.coltejer.com.co,contacto@coltejer.com.co
AVERY DENNISON RETAIL INFORMATION SERVICES COLOMBIA S.A.S.,https://www.averydennison.com,info@averydennison.com
ORGANIZACION FERKATIO SAS,No encontrado,No encontrado
MANGLA COMBUSTIBLES SAS,No encontrado,No encontrado
NEGOCIOS Y REPRESENTACIONES S.A.S.,No encontrado,No encontrado
EVERTEC PLACETOPAY S.A.S.,https://www.placetopay.com,contacto@placetopay.com
GRUPO EMPRESARIALCOMATCOL,No encontrado,No encontrado
ENERGIA DEL RIO PIEDRAS S.A. E.S.P.,https://www.energiariopiedras.com,info@energiariopiedras.com

INCAMETAL S.A.S,https://www.incametal.com.co,contacto@incametal.com.co
